{"cameraMode":{"drawMode":0,"name":"Shaded","section":"Shading Mode"},"sceneLighting":false,"audioPlay":false,"sceneViewState":{"showFog":true,"showMaterialUpdate":false,"showSkybox":true,"showFlares":true,"showImageEffects":true,"showParticleSystems":true},"in2DMode":false,"pivot":{"x":-0.4901766777038574,"y":0.10900479555130005,"z":0.9471278190612793},"rotation":{"x":0.12902584671974183,"y":0.14552225172519685,"z":-0.0191461443901062,"w":0.9807186722755432},"size":3.777022361755371,"orthographic":false}