{"cameraMode":{"drawMode":0,"name":"Shaded","section":"Shading Mode"},"sceneLighting":false,"audioPlay":false,"sceneViewState":{"showFog":true,"showMaterialUpdate":false,"showSkybox":true,"showFlares":true,"showImageEffects":true,"showParticleSystems":true},"in2DMode":false,"pivot":{"x":-0.4787367284297943,"y":2.4250457286834719,"z":3.1129612922668459},"rotation":{"x":0.1317368894815445,"y":0.21358220279216767,"z":-0.029080279171466829,"w":0.9675651788711548},"size":8.159374237060547,"orthographic":false}