{"cameraMode":{"drawMode":0,"name":"Shaded","section":"Shading Mode"},"sceneLighting":true,"audioPlay":false,"sceneViewState":{"showFog":true,"showMaterialUpdate":false,"showSkybox":true,"showFlares":true,"showImageEffects":true,"showParticleSystems":true},"in2DMode":false,"pivot":{"x":-0.08589062094688416,"y":4.063610553741455,"z":-1.812598705291748},"rotation":{"x":0.17491629719734193,"y":-0.010277536697685719,"z":0.0018243474187329412,"w":0.9845280051231384},"size":3.6192679405212404,"orthographic":false}