{"cameraMode":{"drawMode":0,"name":"Shaded","section":"Shading Mode"},"sceneLighting":true,"audioPlay":false,"sceneViewState":{"showFog":true,"showMaterialUpdate":false,"showSkybox":true,"showFlares":true,"showImageEffects":true,"showParticleSystems":true},"in2DMode":false,"pivot":{"x":-20.356948852539064,"y":-4.86758279800415,"z":-13.449816703796387},"rotation":{"x":0.056389644742012027,"y":-0.8763962388038635,"z":0.10596055537462235,"w":0.46639272570610049},"size":34.88541793823242,"orthographic":false}