{"cameraMode":{"drawMode":0,"name":"Shaded","section":"Shading Mode"},"sceneLighting":false,"audioPlay":false,"sceneViewState":{"showFog":true,"showMaterialUpdate":false,"showSkybox":true,"showFlares":true,"showImageEffects":true,"showParticleSystems":true},"in2DMode":false,"pivot":{"x":-3.2973597049713136,"y":3.8155434131622316,"z":2.7775676250457765},"rotation":{"x":0.0143880695104599,"y":-0.8686951994895935,"z":-0.025276172906160356,"w":-0.49449244141578677},"size":2.2578935623168947,"orthographic":false}