{"cameraMode":{"drawMode":0,"name":"Shaded","section":"Shading Mode"},"sceneLighting":false,"audioPlay":false,"sceneViewState":{"showFog":true,"showMaterialUpdate":false,"showSkybox":true,"showFlares":true,"showImageEffects":true,"showParticleSystems":true},"in2DMode":false,"pivot":{"x":-4.064757823944092,"y":1.79547917842865,"z":1.787155032157898},"rotation":{"x":-0.0205842312425375,"y":0.7666357159614563,"z":0.02460658736526966,"w":0.6412803530693054},"size":2.5720956325531008,"orthographic":false}