{"cameraMode":{"drawMode":0,"name":"Shaded","section":"Shading Mode"},"sceneLighting":true,"audioPlay":false,"sceneViewState":{"showFog":true,"showMaterialUpdate":false,"showSkybox":true,"showFlares":true,"showImageEffects":true,"showParticleSystems":true},"in2DMode":false,"pivot":{"x":14.539800643920899,"y":3.4960670471191408,"z":-8.324620246887207},"rotation":{"x":-0.01309236977249384,"y":-0.9350547194480896,"z":-0.03471572324633598,"w":0.3525565266609192},"size":4.264009475708008,"orthographic":false}