{"cameraMode":{"drawMode":0,"name":"Shaded","section":"Shading Mode"},"sceneLighting":false,"audioPlay":false,"sceneViewState":{"showFog":true,"showMaterialUpdate":false,"showSkybox":true,"showFlares":true,"showImageEffects":true,"showParticleSystems":true},"in2DMode":false,"pivot":{"x":-0.20600014925003053,"y":0.8248517513275147,"z":0.009999999776482582},"rotation":{"x":-0.008508867584168911,"y":0.9862934947013855,"z":0.05388954281806946,"w":0.1557200700044632},"size":2.745234251022339,"orthographic":false}