{"cameraMode":{"drawMode":0,"name":"Shaded","section":"Shading Mode"},"sceneLighting":false,"audioPlay":false,"sceneViewState":{"showFog":true,"showMaterialUpdate":false,"showSkybox":true,"showFlares":true,"showImageEffects":true,"showParticleSystems":true},"in2DMode":false,"pivot":{"x":98.46849822998047,"y":101.19961547851563,"z":102.78810119628906},"rotation":{"x":-0.000543882604688406,"y":0.9986720681190491,"z":-0.050374411046504977,"w":-0.010782995261251927},"size":7.739955902099609,"orthographic":false}