{"cameraMode":{"drawMode":0,"name":"Shaded","section":"Shading Mode"},"sceneLighting":false,"audioPlay":false,"sceneViewState":{"showFog":true,"showMaterialUpdate":false,"showSkybox":true,"showFlares":true,"showImageEffects":true,"showParticleSystems":true},"in2DMode":false,"pivot":{"x":84.87831115722656,"y":33.52409744262695,"z":-25.37296485900879},"rotation":{"x":-0.13642743229866029,"y":-0.020158596336841584,"z":0.0027753759641200306,"w":-0.990441083908081},"size":2.3334522247314455,"orthographic":false}