{"cameraMode":{"drawMode":0,"name":"Shaded","section":"Shading Mode"},"sceneLighting":false,"audioPlay":false,"sceneViewState":{"showFog":true,"showMaterialUpdate":false,"showSkybox":true,"showFlares":true,"showImageEffects":true,"showParticleSystems":true},"in2DMode":false,"pivot":{"x":-0.08985716104507446,"y":1.4250659942626954,"z":0.5601664781570435},"rotation":{"x":0.043990399688482288,"y":0.7038453817367554,"z":0.04375677928328514,"w":-0.7076382040977478},"size":2.707435131072998,"orthographic":false}