{"cameraMode":{"drawMode":0,"name":"Shaded","section":"Shading Mode"},"sceneLighting":false,"audioPlay":false,"sceneViewState":{"showFog":true,"showMaterialUpdate":false,"showSkybox":true,"showFlares":true,"showImageEffects":true,"showParticleSystems":true},"in2DMode":false,"pivot":{"x":-0.023376941680908204,"y":2.1380882263183595,"z":-0.3737174868583679},"rotation":{"x":0.058617670089006427,"y":-0.7754223942756653,"z":-0.07278357446193695,"w":-0.6244891285896301},"size":5.443289756774902,"orthographic":false}