{"cameraMode":{"drawMode":0,"name":"Shaded","section":"Shading Mode"},"sceneLighting":false,"audioPlay":false,"sceneViewState":{"showFog":true,"showMaterialUpdate":false,"showSkybox":true,"showFlares":true,"showImageEffects":true,"showParticleSystems":true},"in2DMode":false,"pivot":{"x":-1.0332781076431275,"y":2.8075199127197267,"z":2.3966970443725588},"rotation":{"x":0.04523251950740814,"y":0.6680169701576233,"z":-0.040743060410022739,"w":0.7416518330574036},"size":8.81903076171875,"orthographic":false}