{"cameraMode":{"drawMode":0,"name":"Shaded","section":"Shading Mode"},"sceneLighting":true,"audioPlay":false,"sceneViewState":{"showFog":true,"showMaterialUpdate":false,"showSkybox":true,"showFlares":true,"showImageEffects":true,"showParticleSystems":true},"in2DMode":false,"pivot":{"x":-12.92335319519043,"y":2.9161245822906496,"z":11.059616088867188},"rotation":{"x":-0.09436428546905518,"y":-0.9009748101234436,"z":0.24732545018196107,"w":-0.34375864267349245},"size":9.044503211975098,"orthographic":false}