{"cameraMode":{"drawMode":0,"name":"Shaded","section":"Shading Mode"},"sceneLighting":false,"audioPlay":false,"sceneViewState":{"showFog":true,"showMaterialUpdate":false,"showSkybox":true,"showFlares":true,"showImageEffects":true,"showParticleSystems":true},"in2DMode":false,"pivot":{"x":-0.762033998966217,"y":0.7266342043876648,"z":-0.9745823740959168},"rotation":{"x":-0.07493773102760315,"y":-0.5414982438087463,"z":0.048543792217969897,"w":-0.8359470963478088},"size":7.2577714920043949,"orthographic":false}