{"cameraMode":{"drawMode":0,"name":"Shaded","section":"Shading Mode"},"sceneLighting":false,"audioPlay":false,"sceneViewState":{"showFog":true,"showMaterialUpdate":false,"showSkybox":true,"showFlares":true,"showImageEffects":true,"showParticleSystems":true},"in2DMode":false,"pivot":{"x":298.905029296875,"y":384.07171630859377,"z":2.396453857421875},"rotation":{"x":0.11316762119531632,"y":-0.009240476414561272,"z":0.0010516680777072907,"w":0.9935324192047119},"size":99.69493103027344,"orthographic":false}