{"cameraMode":{"drawMode":0,"name":"Shaded","section":"Shading Mode"},"sceneLighting":false,"audioPlay":false,"sceneViewState":{"showFog":true,"showMaterialUpdate":false,"showSkybox":true,"showFlares":true,"showImageEffects":true,"showParticleSystems":true},"in2DMode":false,"pivot":{"x":10.504965782165528,"y":1.2162244319915772,"z":0.007065821439027786},"rotation":{"x":-0.03495652228593826,"y":-0.8351402282714844,"z":0.05343707278370857,"w":-0.5463180541992188},"size":17.044790267944337,"orthographic":false}