{"cameraMode":{"drawMode":0,"name":"Shaded","section":"Shading Mode"},"sceneLighting":false,"audioPlay":false,"sceneViewState":{"showFog":true,"showMaterialUpdate":false,"showSkybox":true,"showFlares":true,"showImageEffects":true,"showParticleSystems":true},"in2DMode":false,"pivot":{"x":-5.960464477539063e-8,"y":0.2776590585708618,"z":2.7374072074890138},"rotation":{"x":0.31145426630973818,"y":-0.027952291071414949,"z":0.009166830219328404,"w":0.949805736541748},"size":1.492089033126831,"orthographic":false}