{"cameraMode":{"drawMode":0,"name":"Shaded","section":"Shading Mode"},"sceneLighting":false,"audioPlay":false,"sceneViewState":{"showFog":true,"showMaterialUpdate":false,"showSkybox":true,"showFlares":true,"showImageEffects":true,"showParticleSystems":true},"in2DMode":false,"pivot":{"x":0.0,"y":2.3216121196746828,"z":-0.008299589157104493},"rotation":{"x":0.09900461882352829,"y":0.348633736371994,"z":-0.03706418722867966,"w":0.9312781095504761},"size":5.443289756774902,"orthographic":false}