{"cameraMode":{"drawMode":0,"name":"Shaded","section":"Shading Mode"},"sceneLighting":false,"audioPlay":false,"sceneViewState":{"showFog":true,"showMaterialUpdate":false,"showSkybox":true,"showFlares":true,"showImageEffects":true,"showParticleSystems":true},"in2DMode":false,"pivot":{"x":0.48401743173599245,"y":0.6124241948127747,"z":0.9653030633926392},"rotation":{"x":-0.0080545200034976,"y":-0.9917928576469421,"z":-0.0810963585972786,"w":0.09851645678281784},"size":1.4785606861114503,"orthographic":false}