{"cameraMode":{"drawMode":0,"name":"Shaded","section":"Shading Mode"},"sceneLighting":false,"audioPlay":false,"sceneViewState":{"showFog":true,"showMaterialUpdate":false,"showSkybox":true,"showFlares":true,"showImageEffects":true,"showParticleSystems":true},"in2DMode":false,"pivot":{"x":-1.964302897453308,"y":3.288787841796875,"z":-1.0985941886901856},"rotation":{"x":-0.06380822509527207,"y":-0.6054500341415405,"z":0.04879111424088478,"w":-0.7918195128440857},"size":5.857894420623779,"orthographic":false}