{"cameraMode":{"drawMode":0,"name":"Shaded","section":"Shading Mode"},"sceneLighting":false,"audioPlay":false,"sceneViewState":{"showFog":true,"showMaterialUpdate":false,"showSkybox":true,"showFlares":true,"showImageEffects":true,"showParticleSystems":true},"in2DMode":false,"pivot":{"x":-0.13878758251667024,"y":-0.2555219531059265,"z":0.48592710494995119},"rotation":{"x":-0.1438480168581009,"y":0.021422719582915307,"z":-0.003116099163889885,"w":-0.9893630146980286},"size":2.3334522247314455,"orthographic":false}