{"cameraMode":{"drawMode":0,"name":"Shaded","section":"Shading Mode"},"sceneLighting":false,"audioPlay":false,"sceneViewState":{"showFog":true,"showMaterialUpdate":false,"showSkybox":true,"showFlares":true,"showImageEffects":true,"showParticleSystems":true},"in2DMode":false,"pivot":{"x":9.33700180053711,"y":2.3423709869384767,"z":-0.4056692123413086},"rotation":{"x":0.07099197059869766,"y":0.7861129641532898,"z":-0.09193116426467896,"w":0.607071042060852},"size":22.0,"orthographic":false}