{"cameraMode":{"drawMode":0,"name":"Shaded","section":"Shading Mode"},"sceneLighting":false,"audioPlay":false,"sceneViewState":{"showFog":true,"showMaterialUpdate":false,"showSkybox":true,"showFlares":true,"showImageEffects":true,"showParticleSystems":true},"in2DMode":false,"pivot":{"x":50.891136169433597,"y":-1.9268854856491089,"z":-85.163330078125},"rotation":{"x":0.0804077759385109,"y":0.6277849674224854,"z":-0.06543265283107758,"w":0.7714526653289795},"size":8.583300590515137,"orthographic":false}