{"cameraMode":{"drawMode":0,"name":"Shaded","section":"Shading Mode"},"sceneLighting":false,"audioPlay":false,"sceneViewState":{"showFog":true,"showMaterialUpdate":false,"showSkybox":true,"showFlares":true,"showImageEffects":true,"showParticleSystems":true},"in2DMode":false,"pivot":{"x":1.2200348377227784,"y":0.7026293873786926,"z":0.8002215623855591},"rotation":{"x":-0.014866425655782223,"y":-0.9536922574043274,"z":-0.04780682176351547,"w":0.296588271856308},"size":1.4785606861114503,"orthographic":false}